Applicant ID,Application Date,First Name,Last Name,Gender,Date of Birth,Email
1001,3-Jun-23,Scott,Sheppard,Male,31-08-1992,perezjanet@example.org
1002,15-May-23,Stanley,Lewis,Male,29-04-1965,grossmark@example.com
1003,4-Aug-23,Javier,Li,Female,10/3/1973,katiemaldonado@example.com
1004,28-Jul-23,Christopher,Johnston,Other,4/4/2001,sheila73@example.com
1005,5-Jun-23,Melissa,Hicks,Other,17-06-1978,emilypatterson@example.org
1006,26-Jul-23,Christian,Maddox,Female,14-06-1983,pvelasquez@example.net
1007,9-Jun-23,Paul,Hammond,Female,16-08-1963,aclayton@example.net
1008,15-Jul-23,Madison,Williamson,Male,7/9/1978,jeffreyellis@example.com
1009,16-Jun-23,Rachael,Duran,Male,11/9/1997,hamptontimothy@example.net
1010,25-May-23,Sherri,Taylor,Male,24-04-1983,cshaw@example.net
1011,14-May-23,Jennifer,Weaver,Other,22-10-1998,sloankrista@example.org
1012,4-Jun-23,Kyle,Blake,Other,25-03-2001,shelia63@example.net
1013,23-Jul-23,James,Bailey,Female,12/5/1983,fraziermichelle@example.net
1014,12-Jun-23,Heidi,Wood,Male,20-11-1965,brentswanson@example.org
1015,4-Jul-23,Johnny,Nguyen,Other,23-11-1971,clarkdawn@example.net
1016,26-Jul-23,Olivia,Watson,Female,9/8/1970,rachel98@example.com
1017,16-May-23,Anita,Jenkins,Male,2/1/2004,charles11@example.net
1018,12-Jun-23,John,Coleman,Female,1/8/2005,smithashley@example.org
1019,26-Jun-23,Adam,Best,Other,28-05-2001,joe34@example.net
1020,23-May-23,Cheryl,Peterson,Male,18-09-1990,corey49@example.net
1021,3-Jul-23,Rebecca,Jensen,Female,16-11-2002,jennifer31@example.com
1022,3-Aug-23,Gabriel,Norris,Female,16-01-1975,gibbsjacob@example.net
1023,8-May-23,Anne,Murphy,Other,31-10-1983,kristinross@example.net
1024,25-Jun-23,Thomas,Phillips,Other,4/2/1965,melvinzimmerman@example.org
1025,31-May-23,Nicholas,Conley,Other,10/10/2001,jameslucas@example.com
1026,7-Jul-23,Jennifer,Austin,Other,3/2/2002,prodriguez@example.com
1027,22-Jun-23,Cory,Miller,Other,11/6/1996,sandraferrell@example.net
1028,1-Aug-23,Barbara,Lopez,Other,1/12/1966,lisalee@example.com
1029,15-Jun-23,Maria,Campbell,Male,6/12/1969,juliecarter@example.net
1030,6-Jul-23,Duane,Lee,Other,22-10-1989,jgarrett@example.com
1031,27-Jul-23,Danny,Jones,Male,14-08-1993,mhenderson@example.com
1032,2-Jun-23,Hannah,Moore,Other,20-12-1963,debra21@example.net
1033,16-May-23,Mckenzie,Howe,Male,22-08-2002,debra17@example.net
1034,30-May-23,Ashley,Williams,Male,30-03-1976,pbarron@example.org
1035,14-Jul-23,Laura,Randall,Male,8/9/1970,wallacemark@example.net
1036,9-May-23,Katherine,Morris,Female,26-01-1979,matthewadams@example.net
1037,18-May-23,Martha,Bradford,Male,12/9/1980,kellysellers@example.net
1038,12-Jun-23,Jessica,Martinez,Other,4/9/1971,thomas12@example.org
1039,22-Jun-23,Emily,Myers,Other,13-09-1993,jenniferreyes@example.org
1040,3-Aug-23,Steven,Villa,Male,14-02-1993,joseph36@example.com
1041,18-Jul-23,David,Walker,Female,25-01-1968,jessicaaguirre@example.org
1042,10-May-23,Timothy,Rodriguez,Female,30-06-1988,gloriacruz@example.com
1043,21-Jun-23,Kevin,Lucas,Female,25-12-1973,robertthompson@example.com
1044,30-May-23,Sarah,Fischer,Other,20-11-1993,wjackson@example.com
1045,30-Jul-23,Joshua,Weeks,Other,27-05-1994,telliott@example.org
1046,15-Jul-23,Nicholas,Jenkins,Female,24-12-1965,lsmith@example.org
1047,24-May-23,Jeremy,Stevens,Female,23-08-1994,taylormason@example.com
1048,28-Jul-23,Paul,Johnson,Male,31-07-1986,ppowell@example.org
1049,4-Jul-23,Jerry,Hernandez,Other,7/4/1976,upeters@example.com
1050,9-Jun-23,Jason,Abbott,Male,30-04-1967,elizabethtaylor@example.net
1051,6-Jul-23,Jeffrey,Sellers,Other,30-09-1980,natasha30@example.net
1052,23-May-23,Daryl,Brown,Female,8/7/2003,bhill@example.com
1053,4-Jun-23,Justin,Bush,Other,26-09-1975,pricecarolyn@example.org
1054,28-May-23,Lisa,Jackson,Male,31-12-1986,michaelcooper@example.net
1055,23-Jul-23,Brad,Vang,Male,7/1/1990,william40@example.net
1056,22-Jun-23,Brittney,Rubio,Other,19-02-2002,susanhickman@example.org
1057,22-May-23,Kimberly,Ellis,Female,3/10/1982,barrerakathleen@example.com
1058,12-Jun-23,Stephanie,Pearson,Other,1/3/1974,williamschneider@example.org
1059,15-May-23,Judith,Avery,Male,1/5/1971,vkelly@example.org
1060,24-Jun-23,Susan,Mayer,Female,8/12/1987,zmoore@example.com
1061,12-Jun-23,Danielle,Jones,Female,28-07-1995,justinflores@example.net
1062,25-Jun-23,Brian,Jenkins,Female,26-09-1994,scottgriffin@example.net
1063,3-Jul-23,Keith,Barrera,Female,3/5/2004,scottkerr@example.org
1064,7-Jun-23,Gary,Howard,Female,25-10-1999,ehernandez@example.com
1065,11-Jun-23,David,Torres,Female,22-11-1978,rmiller@example.com
1066,7-Jun-23,Phillip,Weber,Other,12/4/1974,bryankey@example.com
1067,2-Jun-23,Tiffany,Fernandez,Female,30-09-1967,iwoods@example.net
1068,14-Jun-23,Nicole,Lopez,Female,5/11/1983,rachelgibson@example.com
1069,29-Jun-23,Joshua,Baxter,Other,28-09-1980,garzachristopher@example.org
1070,11-May-23,Danielle,Smith,Male,13-09-1975,mccarthymichelle@example.net
1071,13-May-23,Christopher,Davis,Female,10/7/2003,ajohnson@example.com
1072,9-May-23,Jessica,Gutierrez,Male,12/7/1982,kristinalee@example.org
1073,28-May-23,Michael,Hunter,Male,30-09-1977,reginald33@example.net
1074,27-May-23,Kendra,French,Male,22-04-2003,garrett11@example.org
1075,12-Jun-23,William,Yu,Female,26-09-1994,enewton@example.net
1076,14-Jul-23,Carol,Steele,Female,17-06-1973,fbrown@example.com
1077,5-Aug-23,Maria,Davidson,Female,8/2/1963,billy13@example.net
1078,9-Jul-23,Nicole,Garcia,Other,23-01-1966,vincentdunn@example.net
1079,12-Jul-23,James,Howell,Female,20-06-1992,alecrandall@example.org
1080,8-Jul-23,Keith,Pace,Male,5/12/1980,jessica90@example.com
1081,27-May-23,Nichole,Stevenson,Female,8/6/1999,diazrandall@example.net
1082,17-Jul-23,Denise,Jackson,Male,26-11-1999,shannonhughes@example.net
1083,28-Jun-23,Christine,Phillips,Male,3/9/1983,jasmine35@example.net
1084,7-Jul-23,Patricia,Pearson,Other,12/6/1970,burnsrobert@example.org
1085,28-Jun-23,Cynthia,Black,Other,25-02-1986,ghenderson@example.com
1086,13-Jun-23,Brenda,Foster,Other,23-07-1989,lgomez@example.org
1087,2-Jul-23,Holly,Brandt,Female,18-01-1965,donald58@example.com
1088,27-Jun-23,Erin,Kirk,Female,26-06-1974,rcook@example.com
1089,8-May-23,Kevin,Owens,Male,28-10-1985,smiller@example.com
1090,3-Aug-23,Sarah,Glover,Female,25-10-1978,smithpamela@example.org
1091,20-May-23,Yolanda,Collins,Male,12/11/1986,robert60@example.com
1092,31-May-23,Julia,Green,Male,30-08-1986,yortega@example.net
1093,25-Jul-23,Michael,Smith,Female,28-09-2001,wmcdonald@example.com
1094,26-Jun-23,Edward,Peck,Male,5/2/2000,uhardy@example.com
1095,15-May-23,Michele,Williams,Male,13-08-1963,ucarter@example.net
1096,2-Aug-23,Steven,Martinez,Other,21-11-1993,lmcmahon@example.org
1097,2-Jul-23,Austin,Johnson,Male,6/2/2000,chughes@example.com
1098,20-Jul-23,Robert,Bowman,Female,18-12-1962,gina02@example.net
1099,13-Jul-23,Alexander,Pineda,Male,19-01-2004,colecynthia@example.net
1100,24-Jun-23,Kathleen,Jones,Female,16-01-1970,lsmith@example.org
